0.31469512,0.39353934,0.0027032141,-0.0012804905,0.00053577216
0.75981549,0.38927146,0.0023788981,-0.0034068669,0.00071369304
0.99037029,0.38190566,0.0024077229,-0.0069931331,0.00085853576
1.1749555,0.37637571,0.0023896177,-0.011675425,0.00098050884
1.3338556,0.37243056,0.0022356744,-0.01713964,0.0010759838
1.4756367,0.36948217,0.0021586952,-0.023188218,0.0011579276
1.6049273,0.36174596,0.0021545316,-0.0307701,0.001234158
1.7245752,0.36203848,0.0021217507,-0.038294004,0.0013038363
1.8364843,0.35755045,0.0022024986,-0.046707427,0.0013749722
1.9420029,0.35536364,0.0021273126,-0.055554274,0.0014381655
2.0421276,0.35257712,0.0022391845,-0.064953403,0.0015050849
2.1376202,0.35179247,0.0023711671,-0.074508048,0.0015767511
2.2290786,0.35099944,0.002048998,-0.08421987,0.0016282099
2.3169822,0.34864374,0.0021972896,-0.094398589,0.0016854455
2.4017225,0.34927641,0.0020847079,-0.10445191,0.0017353526
2.4836242,0.34721273,0.002311771,-0.11491425,0.001794822
2.5629602,0.34724909,0.002201635,-0.12536939,0.0018471048
2.6399623,0.35058308,0.0019881191,-0.13516373,0.0018886675
2.7148294,0.35084813,0.002387038,-0.14490555,0.001947022
2.787734,0.35027712,0.0023081848,-0.15476053,0.0020000452
2.8588265,0.35402414,0.0021883409,-0.16387286,0.0020465333
2.9282391,0.34787197,0.0021576012,-0.17420454,0.0020907339
2.9960887,0.35660354,0.0021064493,-0.18280565,0.0021320107
3.0624794,0.35503369,0.0020720752,-0.19171789,0.0021712045
3.1275044,0.35797707,0.0022570612,-0.20004676,0.0022168101
3.1912471,0.35789874,0.0022755874,-0.20839115,0.0022622254
3.2537832,0.36129096,0.0020723212,-0.21606321,0.0022992092
3.3151809,0.35969535,0.0020070059,-0.22405152,0.0023333658
3.3755026,0.36000076,0.0021049802,-0.2319793,0.0023703701
3.434805,0.36366768,0.0021837556,-0.2391803,0.0024095611
3.4931401,0.3650104,0.0023085299,-0.24611518,0.0024526176
3.5505558,0.3646401,0.0022173863,-0.25312344,0.0024916817
3.6070959,0.36809374,0.0023851323,-0.25944721,0.002536129
3.6628012,0.37160162,0.0022394914,-0.26507572,0.0025746776
3.7177092,0.37136646,0.0024587609,-0.27075083,0.0026203907
3.7718548,0.37521965,0.0023317607,-0.27566225,0.0026608327
3.8252705,0.37830662,0.0022064924,-0.27996184,0.0026965315
3.8779864,0.37712495,0.0020618654,-0.28449564,0.0027273217
3.9300309,0.38038667,0.0022903045,-0.28838296,0.0027648399
3.9814304,0.37913217,0.0021871942,-0.29251893,0.0027986176
4.0322095,0.38036369,0.0020627404,-0.29641081,0.0028283217
4.0823915,0.38665126,0.0019369539,-0.29905651,0.002854257
4.1319982,0.38209318,0.002254998,-0.30260561,0.0028890371
4.1810501,0.3858902,0.0024558102,-0.30540214,0.0029297523
4.2295666,0.38514652,0.0023975602,-0.30834608,0.0029680391
4.277566,0.39069035,0.0020959268,-0.31019123,0.0029969686
4.3250655,0.39082702,0.0022901908,-0.3120093,0.0030311477
4.3720815,0.39066475,0.0021578995,-0.31385953,0.0030611725
4.4186296,0.39274672,0.0020874183,-0.31529712,0.0030890036
4.4647243,0.38832313,0.0019148649,-0.31761145,0.0031122308
4.5103797,0.39395025,0.0021401494,-0.3188105,0.0031410037
4.5556089,0.39520662,0.0022850766,-0.31976054,0.0031734872
4.6004247,0.39716495,0.0022739306,-0.32032244,0.0032053301
4.6448391,0.39720434,0.0022923194,-0.32087654,0.0032373693
4.6888634,0.39585596,0.0019863542,-0.32169788,0.0032612196
4.7325088,0.40429212,0.0024458306,-0.32084719,0.0032970509
4.7757855,0.4012348,0.0022643668,-0.32060245,0.0033274556
4.8187036,0.40210869,0.0021626536,-0.32018451,0.0033549497
4.8612726,0.40463389,0.0023221133,-0.31926609,0.0033863708
4.9035017,0.40272601,0.0020905513,-0.3187258,0.0034116254
4.9453996,0.40785929,0.0025342528,-0.3171681,0.0034484021
4.9869748,0.40305778,0.0022313272,-0.31656205,0.0034766446
5.0282352,0.40566864,0.0025272563,-0.31543854,0.0035125427
5.0691887,0.40497384,0.0023092533,-0.31445273,0.0035422361
5.1098426,0.4040601,0.0023342521,-0.31364803,0.0035723209
5.1502041,0.40698429,0.0020819531,-0.31226375,0.0035960739
5.1902801,0.41073535,0.0024951048,-0.31013603,0.0036299178
5.2300772,0.40624667,0.0020943413,-0.30889795,0.0036535745
5.2696017,0.41068747,0.0023308638,-0.30677971,0.0036826656
5.3088597,0.40876177,0.0024213337,-0.30504314,0.0037138031
5.3478573,0.40667884,0.001857939,-0.30371941,0.0037320148
5.3866001,0.41277747,0.002268723,-0.30118694,0.0037590059
5.4250936,0.41354828,0.0023205021,-0.29850169,0.0037870373
5.4633431,0.41147732,0.0023037008,-0.29622691,0.0038144626
5.5013538,0.41371616,0.0023946823,-0.29350839,0.0038438771
5.5391306,0.41243793,0.0024051636,-0.29104321,0.0038733232
5.5766784,0.41455263,0.0021894721,-0.28815891,0.0038975563
5.6140017,0.41541197,0.002200072,-0.28510428,0.0039218726
5.651105,0.41044798,0.0020456474,-0.28303351,0.0039427743
5.6879928,0.41298641,0.0021302179,-0.28045963,0.0039653155
5.7246692,0.41058444,0.0023411522,-0.27836181,0.003992372
5.7611383,0.41259606,0.0026376372,-0.2758653,0.0040264535
5.7974041,0.41325404,0.0022583451,-0.27323837,0.0040512558
5.8334704,0.41849298,0.0025288955,-0.26957309,0.0040821437
5.8693409,0.4117153,0.0022992544,-0.26725114,0.0041075013
5.9050192,0.40996025,0.0023887022,-0.26527704,0.0041346958
5.9405089,0.41149429,0.0021561733,-0.26299889,0.0041567219
5.9758134,0.41030227,0.0022212462,-0.260957,0.0041799706
6.0109359,0.41247414,0.0021875014,-0.25848464,0.0042023955
6.0458797,0.41118258,0.0024404864,-0.25626828,0.0042301411
6.0806478,0.41417566,0.0023408364,-0.25345869,0.0042555073
6.1152435,0.41639687,0.0023682117,-0.25020886,0.0042813147
6.1496695,0.41347702,0.0024498718,-0.24753774,0.0043087614
6.1839288,0.40857061,0.002338326,-0.24583906,0.0043336142
6.2180241,0.41011763,0.002328097,-0.24383376,0.0043581103
6.2519583,0.41279343,0.0019823738,-0.24129813,0.0043757854
6.2857339,0.41141475,0.0023030724,-0.23903575,0.0043995293
6.3193536,0.4095997,0.0021777905,-0.2371331,0.0044206522
6.3528198,0.40784071,0.0021344942,-0.23557909,0.004440849
6.386135,0.41156616,0.0020912941,-0.2332867,0.0044601505
6.4193017,0.41136869,0.0023417748,-0.23103344,0.004484235
6.452322,0.41360545,0.0022255867,-0.22833687,0.0045058783
6.4851984,0.4074651,0.0020622968,-0.2268573,0.0045243796
6.5179331,0.40859409,0.0024447521,-0.22515396,0.0045502522
6.5505281,0.41083874,0.0022933456,-0.22300575,0.0045728983
6.5829857,0.40925672,0.0020580961,-0.22117108,0.0045910555
6.6153079,0.4042496,0.0026064368,-0.22032882,0.0046200278
6.6474966,0.41116939,0.0021902694,-0.21811507,0.0046403778
6.679554,0.40526015,0.0020759526,-0.21707251,0.0046585832
6.7114818,0.4121102,0.0026189647,-0.21467229,0.0046874124
6.7432821,0.40433263,0.0021815298,-0.21381357,0.0047073117
6.7749565,0.40898207,0.0022178654,-0.21203334,0.0047277914
6.806507,0.40607636,0.0025368598,-0.21082902,0.0047544527
6.8379353,0.4064551,0.0024451762,-0.20954963,0.0047790884
6.8692431,0.40730202,0.0022172632,-0.20810238,0.0047992509
6.900432,0.40897015,0.0021871097,-0.20632451,0.0048187877
6.9315038,0.40732707,0.0026092455,-0.2048723,0.0048464582
6.9624601,0.40689162,0.002274597,-0.2035064,0.0048673808
6.9933023,0.40363061,0.0023390295,-0.20278682,0.0048894083
7.0240321,0.40836566,0.0023289828,-0.20112876,0.0049111494
7.054651,0.40362778,0.0022292474,-0.20040974,0.0049309841
7.0851604,0.40181192,0.0020942601,-0.20005062,0.0049484234
7.1155618,0.40823369,0.0022043395,-0.19841872,0.0049676728
7.1458566,0.40558798,0.0019694183,-0.19731119,0.0049829845
7.1760463,0.40525455,0.0023491678,-0.19626975,0.0050046896
7.2061321,0.40022576,0.0020741895,-0.19622501,0.0050215458
7.2361154,0.40280298,0.0023350397,-0.19566946,0.0050428272
7.2659976,0.40817258,0.002255049,-0.19404967,0.005062595
7.2957798,0.40531717,0.002316806,-0.19299582,0.0050833769
7.3254634,0.4031453,0.0019924127,-0.19237242,0.005098692
7.3550496,0.40507495,0.0020692034,-0.19136658,0.0051151591
7.3845396,0.40211455,0.0024908131,-0.19094748,0.0051389267
7.4139346,0.40459268,0.0021950899,-0.19003722,0.0051573101
7.4432358,0.4040249,0.0022801941,-0.18923949,0.0051770733
7.4724443,0.39973899,0.0021216842,-0.18929122,0.0051941236
7.5015612,0.40229636,0.0023079345,-0.18883609,0.0052142268
7.5305877,0.40307904,0.0023024367,-0.18822583,0.0052341576
7.5595247,0.40517162,0.0022789717,-0.18720082,0.005253611
7.5883735,0.40012525,0.002171306,-0.187176,0.0052712075
7.617135,0.402185,0.002273866,-0.18674293,0.0052904383
7.6458102,0.40397106,0.0023966146,-0.18595588,0.0053117198
7.6744002,0.39959434,0.0020858127,-0.18603628,0.0053277828
7.7029059,0.4019301,0.0022544823,-0.18565373,0.0053464877
7.7313284,0.40120545,0.0023722467,-0.18541481,0.0053671217
7.7596685,0.40237848,0.0022623456,-0.1849434,0.0053858195
7.7879273,0.40136348,0.0023937954,-0.18467316,0.0054066765
7.8161055,0.40142783,0.0025584386,-0.18439017,0.0054304032
7.8442043,0.40023369,0.00221082,-0.18434385,0.0054480529
7.8722243,0.40271677,0.0019813468,-0.1838054,0.0054621876
7.9001666,0.40263823,0.002455215,-0.1832825,0.0054838209
7.928032,0.40175899,0.0019240992,-0.18293387,0.0054970648
7.9558213,0.39820864,0.0020193339,-0.18328892,0.0055116154
7.9835353,0.39968975,0.0017726465,-0.18335041,0.0055228019
8.011175,0.39702076,0.0021657051,-0.18394089,0.0055394573
8.038741,0.4001298,0.0020783109,-0.18391517,0.0055547514
8.0662342,0.4036996,0.0024546161,-0.18318191,0.0055760152
8.0936554,0.40010803,0.0025167975,-0.1831605,0.0055982829
8.1210053,0.40328232,0.0023293231,-0.18250995,0.0056172866
8.1482847,0.39666692,0.0021325204,-0.18317056,0.0056331653
8.1754944,0.40186702,0.0022151727,-0.18280052,0.0056502487
8.202635,0.40358551,0.002123091,-0.18208988,0.005665896
8.2297073,0.40049758,0.0022348254,-0.18199126,0.0056831832
8.2567121,0.40177318,0.0021622246,-0.18163982,0.005699318
8.2836499,0.39972278,0.0018976305,-0.18169476,0.0057117145
8.3105216,0.39952949,0.0023016546,-0.18178802,0.0057299028
8.3373277,0.40082515,0.0021252061,-0.18162447,0.0057453638
8.364069,0.40189545,0.0025880288,-0.1812488,0.005768216
8.3907461,0.40294348,0.0022270562,-0.18066541,0.0057850798
8.4173596,0.40198379,0.0025093663,-0.18027222,0.0058064195
8.4439103,0.40037561,0.0020225415,-0.18019778,0.0058202405
8.4703987,0.40414742,0.0022449339,-0.17937577,0.005837223
8.4968255,0.40039995,0.0025111196,-0.1792965,0.0058584023
8.5231912,0.39752823,0.0023849076,-0.1797864,0.0058774406
8.5494965,0.40044157,0.0023991202,-0.17969888,0.0058966439
8.575742,0.40043783,0.0019979915,-0.1796121,0.0059099259
8.6019282,0.3989948,0.0022845596,-0.17981133,0.0059272462
8.6280558,0.40028318,0.0026045934,-0.17975521,0.0059496838
8.6541253,0.39882187,0.0021571647,-0.17998871,0.0059650258
8.6801373,0.40115571,0.0021682759,-0.17975965,0.0059804863
8.7060923,0.3985249,0.0023476665,-0.18005201,0.0059985601
8.7319909,0.39925187,0.0023748496,-0.18020029,0.0060169987
8.7578336,0.40203727,0.0022367041,-0.17979651,0.0060333074
8.7836209,0.39793909,0.0022887078,-0.18020497,0.0060503361
8.8093535,0.39842505,0.0024618452,-0.18051713,0.006069979
8.8350317,0.39990394,0.0024212162,-0.18053617,0.0060889187
8.8606561,0.40106333,0.0026948895,-0.18032542,0.0061123005
8.8862273,0.3993451,0.0020874905,-0.18045522,0.0061262873
8.9117456,0.39955131,0.0021068635,-0.18054414,0.0061405021
8.9372117,0.39696439,0.0024227021,-0.1811458,0.0061592479
8.962626,0.40042995,0.0024462609,-0.18106058,0.0061783014
8.9879889,0.39954591,0.0020600927,-0.18115058,0.0061917786
9.013301,0.39846864,0.0023777085,-0.18145409,0.0062096865
9.0385627,0.40007621,0.0022617301,-0.18143899,0.0062258456
9.0637745,0.39948914,0.0024758815,-0.18154024,0.0062451545
9.0889368,0.40513354,0.002357019,-0.18052278,0.0062626025
9.1140501,0.39886581,0.0023701339,-0.18074758,0.0062801959
9.1391148,0.40620965,0.0022066211,-0.17951684,0.0062954058
9.1641314,0.40071424,0.0024172034,-0.17937528,0.0063136089
9.1891003,0.40151646,0.0024322293,-0.17907471,0.0063319857
9.2140219,0.40074212,0.0023252569,-0.17892763,0.006348735
9.2388966,0.39986783,0.0023627585,-0.17895382,0.0063659827
9.263725,0.39759525,0.0022097261,-0.17943044,0.0063810303
9.2885073,0.40090545,0.0021199515,-0.17925098,0.0063948488
9.313244,0.39952222,0.002320549,-0.17934568,0.0064113669
9.3379354,0.39940646,0.0022088845,-0.17946331,0.0064262969
9.3625821,0.39920045,0.0022275375,-0.17962178,0.0064414446
9.3871844,0.39509566,0.0025908587,-0.18059381,0.0064618801
9.4117426,0.39983389,0.0021601015,-0.18062674,0.0064760473
9.4362572,0.39468217,0.0022463741,-0.18168072,0.0064913339
9.4607285,0.40157409,0.0019860414,-0.18136874,0.0065032577
9.4851569,0.39900202,0.0021470479,-0.18156654,0.0065171654
9.5095428,0.39959389,0.0021986556,-0.18164703,0.006531718
9.5338866,0.3987854,0.0019282002,-0.18188776,0.0065428886
9.5581885,0.39714146,0.0022962464,-0.18245431,0.0065586979
9.5824491,0.39983677,0.0023758797,-0.18248667,0.0065755806
9.6066686,0.39985828,0.0022721759,-0.18251475,0.0065909838
9.6308473,0.40212535,0.0022982609,-0.18209351,0.0066067055
9.6549857,0.40189288,0.0022668938,-0.18171835,0.0066219652
9.679084,0.39849601,0.002298789,-0.18201644,0.0066376207
9.7031426,0.39794328,0.0019817937,-0.18242407,0.0066492324
9.7271619,0.39502263,0.0023864987,-0.18341058,0.0066660348
9.7511422,0.39928535,0.002314999,-0.18355222,0.0066818069
9.7750837,0.39865379,0.0022658295,-0.18381904,0.0066968813
9.7989869,0.39892707,0.002425072,-0.18403169,0.0067141075
9.822852,0.40056409,0.0024037037,-0.18391989,0.0067309884
9.8466794,0.39670525,0.0021426049,-0.1845729,0.0067443711
9.8704694,0.39914662,0.0021850963,-0.18474204,0.0067582618
9.8942222,0.39945116,0.0021055938,-0.18485082,0.0067711345
9.9179383,0.39984712,0.0021512197,-0.18488112,0.0067845451
9.9416178,0.40171909,0.0024347093,-0.1845404,0.0068016844
9.9652612,0.39588217,0.0020064007,-0.18535655,0.0068132994
9.9888687,0.39973813,0.0022387219,-0.18540845,0.0068277322
10.012441,0.39696207,0.0021451107,-0.18601056,0.0068409565
10.035977,0.39992197,0.0023798297,-0.18602603,0.0068571981
10.059479,0.39745298,0.002430172,-0.18653084,0.0068740933
10.082945,0.39943657,0.0023262904,-0.18664251,0.0068895385
10.106378,0.40000283,0.0022109581,-0.18664195,0.0069034605
10.129776,0.39716864,0.0021317617,-0.18720312,0.0069163779
10.15314,0.39786242,0.0026183759,-0.18762679,0.00693582
10.176471,0.40001788,0.0022714563,-0.18762324,0.0069504157
10.199768,0.39434207,0.0019956278,-0.18874463,0.0069616609
10.223032,0.40188636,0.0020372209,-0.18837076,0.0069733604
10.246264,0.40192141,0.0020950897,-0.18798994,0.0069857127
10.269463,0.4010696,0.002420571,-0.18777795,0.0070021671
10.292629,0.40141975,0.0018997998,-0.18749656,0.0070122839
10.315764,0.39719126,0.0021068102,-0.18805324,0.0070247054
10.338867,0.39667753,0.0022490808,-0.18871175,0.0070388345
10.361938,0.39173258,0.0021010434,-0.19035034,0.0070511417
10.384978,0.40081116,0.0023387112,-0.19018957,0.007066361
10.407987,0.39978025,0.0022898301,-0.19023312,0.0070809201
10.430966,0.39832727,0.0019861991,-0.19056465,0.0070918544
10.453913,0.39924773,0.0022828214,-0.19071375,0.0071062726
10.476831,0.39828924,0.0022476888,-0.19105282,0.0071202226
10.499718,0.3983201,0.0021250839,-0.19138578,0.0071326691
10.522576,0.39564455,0.0022064542,-0.19224902,0.0071460628
10.545404,0.40210283,0.0019540391,-0.19183224,0.0071565498
10.568203,0.39357101,0.0019792618,-0.19310646,0.0071672933
10.590973,0.39552793,0.0022951356,-0.19399281,0.0071817142
10.613713,0.39892515,0.0022349782,-0.19420585,0.0071953624
10.636426,0.39593369,0.002342099,-0.19501178,0.0072103205
10.659109,0.4001551,0.0021795238,-0.19498104,0.0072232491
10.681765,0.39709722,0.002438521,-0.19555637,0.0072394002
10.704393,0.39604965,0.0022587286,-0.19633932,0.0072532289
10.726993,0.3972198,0.002336311,-0.19689035,0.0072679947
10.749565,0.39631702,0.0020175291,-0.19762031,0.0072789865
10.77211,0.39932747,0.0023315487,-0.1977536,0.0072936403
10.794628,0.39827919,0.0020845347,-0.19809466,0.0073053325
10.817119,0.39856096,0.002025892,-0.19837988,0.0073163589
10.839584,0.40065889,0.0022525677,-0.19824929,0.0073299679
10.862022,0.39967485,0.0021357927,-0.19831373,0.0073421809
10.884433,0.39469641,0.0023218397,-0.19936489,0.0073565882
10.906819,0.39919995,0.0024567767,-0.19952346,0.0073726854
10.929179,0.39971985,0.0023732002,-0.19957899,0.0073876743
10.951513,0.3996798,0.0021674686,-0.19964245,0.0074001539
10.973822,0.40193146,0.0023433849,-0.19925964,0.0074147149
10.996105,0.3989501,0.0021651475,-0.19946773,0.0074271224
11.018364,0.39832722,0.0020351641,-0.19979927,0.0074380677
11.040597,0.40040162,0.002421499,-0.19971967,0.0074535355
11.062806,0.39623424,0.002117324,-0.20046604,0.0074653397
11.08499,0.39766611,0.0022829728,-0.20092861,0.0074790398
11.107151,0.39933247,0.0021996476,-0.20106091,0.0074917356
11.129287,0.40253843,0.0024162643,-0.2005578,0.0075070265
11.151399,0.39843995,0.0025003446,-0.200867,0.0075233656
11.173487,0.39607626,0.0020322751,-0.20164467,0.0075341405
11.195552,0.39975374,0.0028097202,-0.20169348,0.0075546932
11.217594,0.40026495,0.0022481532,-0.20164097,0.0075678221
11.239612,0.40081222,0.0022930397,-0.20147999,0.0075814563
11.261608,0.39879157,0.0023563749,-0.2017195,0.0075958276
11.28358,0.3971452,0.0022280786,-0.20228532,0.0076086535
11.30553,0.40054126,0.0020619038,-0.20217804,0.0076196204
11.327458,0.39924753,0.0022602886,-0.20232718,0.0076327784
11.349363,0.39783652,0.0023914207,-0.20275598,0.0076474806
11.371246,0.40298652,0.0021128175,-0.20216405,0.007658937
11.393107,0.40534318,0.0019747208,-0.20110505,0.0076689308
11.414947,0.39934404,0.0021620908,-0.20123506,0.0076808939
11.436765,0.39531015,0.002060336,-0.20216457,0.0076917413
11.458561,0.39416646,0.002311097,-0.20332077,0.0077053682
11.480336,0.39671258,0.0022894085,-0.20397233,0.0077187171
11.502091,0.39772323,0.0022229374,-0.20442358,0.007731281
11.523824,0.40208793,0.0026398124,-0.20400976,0.0077489645
11.545536,0.39662182,0.0022735602,-0.20467931,0.0077620555
11.567228,0.40011621,0.0020134946,-0.20465628,0.0077723075
11.588899,0.39480859,0.0021815706,-0.20568521,0.0077843252
11.610551,0.39913212,0.002127282,-0.20585722,0.007795735
11.632182,0.40123732,0.0019248302,-0.20561198,0.0078050641
11.653793,0.39909545,0.0023447964,-0.20579126,0.0078188876
11.675384,0.40091232,0.0025896707,-0.20561044,0.0078357162
11.696955,0.40351955,0.0021282642,-0.20491287,0.0078470618
11.718508,0.39881601,0.0023273754,-0.20514754,0.0078606081
11.74004,0.39830874,0.0021406287,-0.20548274,0.0078720495
11.761554,0.3998704,0.0021584332,-0.20550843,0.007883665
11.783048,0.39954697,0.0023404978,-0.20559822,0.0078973008
11.804524,0.3999954,0.002210574,-0.20559913,0.007909445
11.825981,0.40116525,0.0022068013,-0.20536818,0.0079215292
11.847419,0.40018758,0.0019659554,-0.205331,0.0079311066
11.868839,0.40032586,0.0023665294,-0.20526642,0.0079449639
11.890241,0.40044798,0.0024049672,-0.20517763,0.0079592497
11.911624,0.39992576,0.0023315977,-0.20519234,0.0079726539
11.93299,0.40069854,0.0023112516,-0.20505389,0.0079858032
11.954337,0.3969652,0.0024749017,-0.20565539,0.0080008539
11.975667,0.39978616,0.0022460009,-0.20569777,0.0080132281
11.99698,0.39683929,0.0025976452,-0.20632421,0.0080297506
12.018275,0.39650318,0.0022449456,-0.20701728,0.0080420687
12.039552,0.39894591,0.0022004758,-0.2072262,0.008053886
12.060813,0.39989035,0.0021613306,-0.20724793,0.0080652701
12.082056,0.40002742,0.0022160078,-0.20724249,0.0080772202
12.103283,0.39652348,0.0022196079,-0.20793153,0.0080891914
12.124492,0.39855646,0.0021840775,-0.20821764,0.0081007656
12.145686,0.39791091,0.0022905189,-0.20863169,0.0081134763
12.166862,0.39903298,0.002428165,-0.20882335,0.0081277369
12.188023,0.40001202,0.0022479501,-0.20882097,0.0081399393
12.209167,0.40369247,0.0025198071,-0.20808913,0.0081552458
12.230295,0.40332707,0.0023782912,-0.20742971,0.0081688571
12.251407,0.40271641,0.002169927,-0.20689132,0.0081801706
12.272504,0.40087424,0.0022805373,-0.20671805,0.0081926488
12.293584,0.40322439,0.0021526415,-0.20607898,0.0082037506
12.314649,0.40168237,0.0019807126,-0.20574554,0.0082131381
12.335699,0.40166641,0.0020890596,-0.20541526,0.0082235682
12.356734,0.39730657,0.0019723154,-0.20594909,0.0082328539
12.377753,0.39975818,0.0021873523,-0.20599702,0.0082442605
12.398757,0.39656343,0.0023258197,-0.20667814,0.008257138
12.419746,0.40247667,0.002384695,-0.20618727,0.0082706541
12.440721,0.40151131,0.0019556796,-0.20588773,0.008279732
12.461681,0.39914338,0.0021714072,-0.20605751,0.0082909094
12.482626,0.39963025,0.0022832755,-0.20613079,0.0083032507
12.503557,0.40206237,0.0022365004,-0.20572203,0.0083150743
12.524473,0.40205924,0.0024309486,-0.20531389,0.0083290217
12.545376,0.39853015,0.0023967701,-0.20560522,0.0083425572
12.566264,0.40287778,0.0021803097,-0.20503484,0.0083537417
12.587139,0.39564737,0.0022506453,-0.20589753,0.0083656429
12.607999,0.40298045,0.0025774597,-0.20530681,0.0083812259
12.628846,0.39757985,0.0021789441,-0.20578648,0.0083923449
12.64968,0.40214505,0.0022554725,-0.20536133,0.0084042423
12.6705,0.40099788,0.0021895434,-0.20516355,0.008415439
12.691306,0.40163793,0.0021388038,-0.20483892,0.0084261089
12.712099,0.4009153,0.0019677453,-0.20465751,0.0084351297
12.73288,0.40085717,0.0021776826,-0.20448762,0.008446165
12.753647,0.39641641,0.0019420478,-0.20519788,0.008454931
12.774401,0.40035343,0.0025706062,-0.20512783,0.0084702679
12.795143,0.39959561,0.0021029678,-0.20520798,0.0084805168
12.815872,0.40115515,0.0023571629,-0.20497903,0.0084933755
12.836588,0.39962934,0.0024321279,-0.20505249,0.0085070437
12.857292,0.39959076,0.0022598469,-0.2051336,0.0085188265
12.877984,0.3995448,0.002123681,-0.20522382,0.0085292186
12.898663,0.39674561,0.0019379258,-0.20586884,0.0085378626
12.91933,0.39988419,0.0024037703,-0.20589179,0.0085511447
12.939986,0.40048152,0.0023524555,-0.20579636,0.0085638465
12.960629,0.39718586,0.002377567,-0.20635411,0.0085768015
12.981261,0.39860965,0.0021702485,-0.20662968,0.0085875808
13.001881,0.39786071,0.0022808044,-0.20705368,0.0085994706
13.02249,0.40490111,0.0021427943,-0.20608229,0.0086099514
13.043087,0.40054237,0.0024294424,-0.20597479,0.0086234052
13.063672,0.39782641,0.0022374425,-0.2064056,0.0086348
13.084247,0.40148237,0.0021647557,-0.20611179,0.0086454529
13.10481,0.40142429,0.0023706198,-0.2058295,0.0086582109
13.125363,0.3984646,0.0022535761,-0.20613381,0.0086697242
13.145904,0.40131465,0.0024227668,-0.20587325,0.008683012
13.166435,0.4016347,0.002494313,-0.20554926,0.0086970741
13.186955,0.40014202,0.0022420331,-0.20552111,0.0087084189
13.207464,0.40266914,0.0021778272,-0.20499209,0.0087191097
13.227963,0.39610273,0.0024392331,-0.20576452,0.0087325025
13.248452,0.39869475,0.0021554555,-0.20602322,0.008742946
13.26893,0.40180172,0.0021656887,-0.20566613,0.0087534764
13.289398,0.40204111,0.0022901152,-0.20526158,0.0087652365
13.309856,0.39860444,0.0021867071,-0.20553818,0.0087759448
13.330304,0.3985397,0.0019587418,-0.20582761,0.0087845274
13.350742,0.40007323,0.0022820449,-0.20581309,0.0087961636
13.37117,0.40425551,0.002291669,-0.20496966,0.0088078826
13.391589,0.39851798,0.0023751653,-0.20526339,0.0088204538
13.411998,0.39683702,0.002227679,-0.20589029,0.0088314974
13.432397,0.39697131,0.0020634599,-0.20649057,0.0088409619
13.452788,0.40528116,0.002194571,-0.20544385,0.008851655
13.473168,0.39909667,0.0022665112,-0.20562289,0.0088630465
13.49354,0.40457854,0.0021340678,-0.20471544,0.0088731334
13.513903,0.40516025,0.0021658379,-0.20369268,0.0088835108
13.534256,0.40571505,0.0024410483,-0.20255997,0.0088966757
13.554601,0.40224505,0.0023165712,-0.20211501,0.0089085155
13.574937,0.40043848,0.0023339284,-0.2020281,0.0089205173
13.595264,0.40292258,0.002205926,-0.20144885,0.0089312251
13.615583,0.4002346,0.0019369456,-0.20140235,0.008939472
13.635893,0.39478626,0.0021521357,-0.20243571,0.0089496427
13.656195,0.39786146,0.001891834,-0.20285956,0.008957494
13.676488,0.4010851,0.0020083915,-0.20264449,0.0089663342
13.696773,0.39955217,0.0021184064,-0.20273325,0.0089761593
13.71705,0.39840848,0.0022548606,-0.20304869,0.0089872779
13.737319,0.40049535,0.002414933,-0.20295051,0.0090000142
13.75758,0.39871667,0.0020772104,-0.20320486,0.0090094257
13.777833,0.40124828,0.0020671731,-0.20295746,0.0090187368
13.798079,0.40314061,0.0020709123,-0.20233499,0.009028072
13.818317,0.39904141,0.0024036454,-0.20252498,0.0090406327
13.838547,0.40208268,0.0023637654,-0.2021122,0.0090527635
13.85877,0.40293606,0.0019259384,-0.20153028,0.0090608076
13.878985,0.39882192,0.0024392317,-0.20176377,0.009073696
13.899193,0.40047803,0.0021944823,-0.20166903,0.0090841144
13.919394,0.39955359,0.0021224658,-0.20175751,0.0090938494
13.939587,0.39772197,0.0023191837,-0.20220901,0.0091054589
13.959774,0.39889894,0.0022409617,-0.20242724,0.0091162852
13.979954,0.39716485,0.0020722829,-0.20298916,0.0091255328
14.000127,0.39913419,0.0021784172,-0.20316076,0.009135741
14.020293,0.40292106,0.0023882034,-0.20258181,0.009147995
14.040452,0.39898707,0.0020502525,-0.20278257,0.0091570158
14.060605,0.39666737,0.0022816042,-0.20344309,0.0091681749
14.080752,0.39865864,0.0023955355,-0.20370895,0.0091804607
14.100892,0.40061692,0.0020248386,-0.20358668,0.0091892282
14.121025,0.39902571,0.0023868871,-0.20377978,0.0092013976
14.141153,0.39720207,0.0021145936,-0.20433432,0.0092109375
14.161274,0.40595177,0.0024968877,-0.20315469,0.0092242221
14.18139,0.39840621,0.0024766752,-0.20347058,0.0092372739
14.201499,0.40045949,0.0022951432,-0.20337951,0.0092484679
14.221602,0.40344101,0.0026006018,-0.20269751,0.0092628198
14.2417,0.40131263,0.002414815,-0.20243735,0.0092751765
14.261792,0.40399096,0.0024386006,-0.20164635,0.009287761
14.281878,0.39946348,0.0020871483,-0.20175268,0.0092969687
14.301959,0.40125778,0.0023820127,-0.20150339,0.0093089481
14.322035,0.39957934,0.0019920381,-0.20158677,0.009317317
14.342105,0.40105985,0.0020919905,-0.20137671,0.0093265381
14.36217,0.39737682,0.0024442324,-0.20189662,0.0093391112
14.382229,0.40411571,0.002311871,-0.20108089,0.0093503451
14.402284,0.40172333,0.002575151,-0.20073933,0.0093642646
14.422333,0.40273303,0.0023558355,-0.20019765,0.0093758982
14.442378,0.40109217,0.002244483,-0.19998118,0.0093864456
14.462418,0.40334753,0.0022699157,-0.19931771,0.0093972211
14.482453,0.40233076,0.0022439075,-0.19885576,0.0094077392
14.502483,0.39917682,0.0023975215,-0.19901891,0.0094197324
14.522509,0.40269874,0.0020183673,-0.19848402,0.0094282229
14.54253,0.40300823,0.0021810356,-0.1978878,0.0094381275
14.562547,0.39979409,0.0022772723,-0.19792861,0.0094489136
14.582559,0.40122177,0.002008249,-0.19768646,0.0094572934
14.602568,0.39958379,0.0019372898,-0.19776895,0.0094650847
14.622572,0.40238111,0.0025281413,-0.19729702,0.0094783386
14.642572,0.39748884,0.002199484,-0.19779472,0.0094883582
14.662568,0.39979283,0.0021326295,-0.19783579,0.0094977683
14.68256,0.40197919,0.0020313042,-0.19744351,0.0095062974
14.702548,0.40135697,0.0019305387,-0.19717456,0.0095139947
14.722533,0.40402278,0.0022776319,-0.19637726,0.0095246983
14.742514,0.40032919,0.0022987307,-0.19631201,0.0095355887
14.762491,0.39744404,0.0022582267,-0.1968186,0.009546087
14.782465,0.39987833,0.0021068965,-0.19684271,0.009555216
14.802435,0.40157449,0.0021554352,-0.19653065,0.0095647611
14.822402,0.3972903,0.0022622276,-0.19706771,0.0095752645
14.842366,0.40100631,0.0023609847,-0.19686826,0.0095866919
14.862326,0.40099525,0.0020928944,-0.196671,0.0095956619
14.882284,0.39981051,0.0022045333,-0.19670856,0.0096056045
14.902238,0.4005553,0.0022889878,-0.1965985,0.0096163121
14.92219,0.39675747,0.0020588628,-0.19724116,0.0096249661
14.942138,0.40061626,0.0019485715,-0.19711902,0.0096327113
14.962084,0.39848348,0.0021483527,-0.19741959,0.0096421176
14.982028,0.39936177,0.0022189817,-0.19754609,0.0096521425
15.001968,0.40155975,0.0022382331,-0.19723695,0.0096623314
15.021906,0.40353768,0.0023282034,-0.19653579,0.0096733438
15.041842,0.40016682,0.0022280456,-0.19650272,0.0096834181
15.061775,0.40259833,0.0024255538,-0.19598774,0.0096953441
15.081706,0.39961626,0.0021771868,-0.19606379,0.0097049421
15.101635,0.3997196,0.0023744184,-0.19611937,0.0097163456
15.121562,0.39792556,0.0020806361,-0.19653052,0.0097250926
15.141487,0.39478737,0.0024981243,-0.19756365,0.0097376883
15.161409,0.40065697,0.0024259608,-0.19743344,0.0097495519
15.18133,0.40165788,0.0021018079,-0.19710485,0.0097584475
15.201249,0.39794722,0.0022995608,-0.19751171,0.009769085
15.221167,0.39823601,0.0023185195,-0.19786133,0.0097798869
15.241082,0.40156177,0.0023058561,-0.19755179,0.0097905593
15.260997,0.39744657,0.0021716433,-0.19805788,0.0098000158
15.280909,0.39870025,0.0021566237,-0.19831549,0.009809333
15.30082,0.39727808,0.0023205364,-0.19885496,0.0098201092
15.32073,0.39864056,0.0020704428,-0.1991244,0.0098286794
15.340639,0.40021136,0.0025822577,-0.19908251,0.0098419956
15.360547,0.40030263,0.0023942471,-0.19902253,0.0098534289
15.380453,0.39580399,0.0021373686,-0.19985417,0.009862531
15.400359,0.39905722,0.0018862155,-0.20004103,0.0098696138
15.420263,0.39826778,0.0022237995,-0.20038435,0.0098794504
15.440167,0.40277808,0.0019942052,-0.19983374,0.0098873536
15.46007,0.39870591,0.0022066189,-0.20009023,0.0098970215
15.479972,0.39900545,0.002223825,-0.20028735,0.0099068311
15.499874,0.39988606,0.0024527949,-0.20030993,0.0099187516
15.519775,0.39847258,0.0022982041,-0.20061266,0.0099292051
15.539676,0.39857232,0.002105675,-0.20089563,0.009937972
15.559576,0.4000403,0.0022847321,-0.20088764,0.0099482834
15.579477,0.4011404,0.0021149081,-0.20066161,0.0099571103
15.599376,0.3991246,0.0021388315,-0.20083512,0.00996613
15.619276,0.4016246,0.0024267773,-0.20051312,0.0099777298
15.639176,0.40134258,0.0025733838,-0.20024703,0.0099907574
15.659076,0.39904268,0.0020941607,-0.20043677,0.0099993753
15.678976,0.39878061,0.0022749559,-0.20067845,0.010009536
15.698876,0.4010102,0.0024890107,-0.20047823,0.010021685
15.718776,0.39734081,0.0022604136,-0.20100528,0.010031694
15.738677,0.40151955,0.0023082846,-0.2007041,0.010042121
15.758578,0.40248722,0.0020778839,-0.20021114,0.010050562
15.77848,0.40012843,0.0025115646,-0.20018569,0.010062882
15.798382,0.39678672,0.0023690481,-0.20082255,0.01007383
15.818285,0.39911237,0.0022263661,-0.20099848,0.01008349
15.838189,0.40192202,0.002362999,-0.20061754,0.010094361
15.858094,0.40120773,0.0023223915,-0.20037817,0.01010485
15.877999,0.39749081,0.0024544828,-0.20087549,0.010116553
15.897906,0.39943687,0.0018483604,-0.2009871,0.010123184
15.917813,0.40136399,0.0023248661,-0.20071676,0.010133665
15.937722,0.40024682,0.0018102533,-0.20066784,0.010140015
15.957632,0.39889611,0.0024700676,-0.20088663,0.010151826
15.977543,0.40209879,0.0020578426,-0.20047065,0.010160016
15.997456,0.39833212,0.0022212206,-0.20080122,0.010169549
16.01737,0.40291657,0.0021499602,-0.20022316,0.010178473
16.037286,0.40239884,0.0024367264,-0.19974772,0.010189924
16.057203,0.3986704,0.0023087209,-0.20001124,0.010200193
16.077122,0.39921207,0.0022693014,-0.20016741,0.010210105
16.097043,0.40279904,0.002147931,-0.19961264,0.010218976
16.116966,0.3969047,0.0023234339,-0.20022613,0.010229346
16.13689,0.39853495,0.0022370212,-0.2005165,0.010238951
16.156817,0.39934293,0.0020185556,-0.20064673,0.010246764
16.176746,0.40221232,0.0023573018,-0.20020825,0.01025741
16.196677,0.40249753,0.0022352142,-0.19971324,0.010266972
16.21661,0.3995199,0.0024137141,-0.1998084,0.010278112
16.236546,0.4012496,0.0021677408,-0.19956073,0.010287088
16.256484,0.40357298,0.0020148912,-0.19885257,0.010294836
16.276425,0.40231571,0.0023914138,-0.1983936,0.010305741
16.296368,0.40488379,0.0022843522,-0.19742565,0.010315682
16.316314,0.40028485,0.0021243341,-0.19736919,0.010324271
16.336262,0.39929298,0.002455665,-0.19750932,0.010335736
16.356214,0.40245394,0.0025202186,-0.19702295,0.010347799
16.376168,0.40002576,0.0023598504,-0.19701785,0.010358364
16.396126,0.40026652,0.0021257941,-0.19696503,0.01036693
16.416087,0.39939596,0.002056589,-0.19708474,0.01037494
16.43605,0.39899854,0.0020345177,-0.19728323,0.010382773
16.456017,0.40115081,0.0023297745,-0.19705515,0.010393036
16.475988,0.40026551,0.0022153698,-0.19700252,0.010402307
16.495961,0.40025086,0.0021122438,-0.1969528,0.010410728
16.515939,0.39818025,0.0022050961,-0.19731347,0.010419897
16.535919,0.39948217,0.0022877448,-0.19741611,0.010429758
16.555904,0.4017496,0.002292493,-0.19706934,0.010439651
16.575892,0.40130389,0.0024373569,-0.19681091,0.010450822
16.595884,0.39695737,0.0024200544,-0.19741395,0.010461823
16.61588,0.39683015,0.002199909,-0.19804221,0.010470905
16.63588,0.40138212,0.0021191308,-0.19776828,0.010479325
16.655884,0.39918318,0.0020077396,-0.19793017,0.010486878
16.675893,0.40049379,0.0021503467,-0.1978323,0.010495535
16.695905,0.40057646,0.001799465,-0.19771805,0.010501593
16.715922,0.39882631,0.0020436238,-0.19795067,0.010509401
16.735943,0.39788242,0.0022285753,-0.19837037,0.010518679
16.755969,0.40026111,0.0022217335,-0.19831862,0.010527892
16.775999,0.40086071,0.0023523201,-0.19814803,0.01053821
16.796034,0.40146874,0.0023855206,-0.19785693,0.010548811
16.816074,0.39995409,0.0020786292,-0.19786603,0.010556853
16.836119,0.39655909,0.0025319499,-0.19854801,0.010568774
16.856168,0.40028318,0.0023805029,-0.19849188,0.0105793
16.876223,0.40370146,0.0021669428,-0.19775826,0.010588014
16.896283,0.40386611,0.00246053,-0.196992,0.010599239
16.916347,0.39932879,0.0022685774,-0.19712504,0.010608771
16.936417,0.40076465,0.0021457155,-0.19697348,0.010617292
16.956493,0.39897424,0.0026204095,-0.19717679,0.010629987
16.976574,0.40430157,0.0021165291,-0.19632422,0.010638261
16.99666,0.40131076,0.0021834062,-0.19606443,0.010647059
17.016752,0.39921369,0.0022231456,-0.19622028,0.010656173
17.03685,0.39989359,0.0021477285,-0.19624137,0.010664672
17.056953,0.40365045,0.0022703749,-0.19551786,0.010674161
17.077063,0.40306359,0.0022576974,-0.19491066,0.010683536
17.097178,0.39732783,0.0020624817,-0.19544028,0.010691353
17.117299,0.40143146,0.0021788003,-0.19515657,0.010700071
17.137427,0.39858288,0.0020382045,-0.19543744,0.010707694
17.157561,0.39900576,0.0022364654,-0.19563449,0.010716865
17.177701,0.40060838,0.0021731262,-0.19551391,0.010725516
17.197847,0.40222773,0.0022291658,-0.19507238,0.010734612
17.218,0.40024374,0.0022744158,-0.19502407,0.010744073
17.238159,0.3975751,0.0020804758,-0.19550468,0.010751983
17.258325,0.40196232,0.0022776662,-0.19511576,0.010761456
17.278498,0.40038975,0.0021418099,-0.19503851,0.010769825
17.298678,0.40010359,0.0018641495,-0.19501798,0.010776161
17.318865,0.39791712,0.0022224005,-0.1954308,0.010785159
17.339058,0.3968396,0.0023416574,-0.19605719,0.010795141
17.359259,0.39907586,0.002020927,-0.19624035,0.010802569
17.379467,0.40089131,0.0023088979,-0.19606369,0.010812257
17.399683,0.40071106,0.0022147098,-0.19592276,0.010821164
17.419905,0.39735409,0.0023875402,-0.19644718,0.010831506
17.440136,0.39547601,0.0020974606,-0.19734382,0.01083948
17.460373,0.40201545,0.0020002158,-0.19694436,0.010846727
17.480619,0.39794152,0.002047983,-0.19735235,0.01085432
17.500872,0.3987746,0.0025892395,-0.19759523,0.010866444
17.521133,0.40022268,0.0018341788,-0.19755109,0.010872523
17.541402,0.39827955,0.0024971033,-0.19789208,0.010883782
17.561679,0.40117429,0.0023269743,-0.19765934,0.010893549
17.581964,0.39663061,0.0019842318,-0.19832715,0.010900646
17.602257,0.4007304,0.0026165007,-0.19818238,0.010912975
17.622559,0.40238379,0.0022702081,-0.19770992,0.010922247
17.642869,0.39847126,0.002415792,-0.19801291,0.010932736
17.663188,0.39453737,0.0022143188,-0.1990956,0.010941542
17.683515,0.40184187,0.0021613082,-0.19873054,0.010949924
17.703851,0.39369414,0.0022750966,-0.19998035,0.010959204
17.724196,0.39877737,0.0023148602,-0.20022267,0.010968804
17.744549,0.40063914,0.0020241791,-0.200096,0.010976138
17.764912,0.40131111,0.0022637957,-0.19983614,0.010985305
17.785284,0.40064197,0.0021879489,-0.1997089,0.010993861
17.805665,0.39740217,0.0018927083,-0.20022378,0.011000259
17.826055,0.39919207,0.0021639832,-0.20038391,0.011008617
17.846454,0.39767631,0.0021231094,-0.20084446,0.011016657
17.866863,0.40120884,0.002245092,-0.20060487,0.011025639
17.887282,0.39926652,0.0022881311,-0.20075025,0.011034962
17.90771,0.40307409,0.0020821759,-0.20014097,0.011042676
17.928148,0.40091747,0.0022023027,-0.19995913,0.0110513
17.948596,0.39831646,0.002742957,-0.2002928,0.011064663
17.969054,0.40415581,0.0020636747,-0.19946913,0.011072221
17.989522,0.39696889,0.00207959,-0.20006989,0.01107989
18.010001,0.40003742,0.0027007851,-0.20006247,0.011092813
18.030489,0.39870146,0.0019261466,-0.20031984,0.01109938
18.050988,0.40012798,0.0022404984,-0.20029447,0.011108259
18.071497,0.40263833,0.0019270984,-0.19977156,0.011114824
18.092017,0.3994601,0.0020461646,-0.19987857,0.01112222
18.112548,0.40150389,0.0023463995,-0.1995805,0.011131938
18.133089,0.39727803,0.0022722897,-0.20011999,0.011141045
18.153642,0.39861581,0.0025227674,-0.20039433,0.011152259
18.174205,0.40004096,0.0021234737,-0.20038622,0.011160198
18.19478,0.40150717,0.0022006936,-0.2000875,0.011168718
18.215366,0.3961199,0.0022696032,-0.20085653,0.011177773
18.235963,0.40213828,0.0022242376,-0.20043272,0.011186463
18.256571,0.39885712,0.0022529954,-0.20065924,0.011195372
18.277191,0.40427783,0.0024464924,-0.19981138,0.011205868
18.297823,0.39811268,0.0022777583,-0.20018545,0.011214958
18.318466,0.39675934,0.002175431,-0.20082774,0.011223243
18.339122,0.39854601,0.002197778,-0.20111592,0.011231693
18.359789,0.40134955,0.0023742705,-0.20084844,0.011241546
18.380469,0.39603722,0.0022517876,-0.20163385,0.011250402
18.40116,0.39971965,0.0024385879,-0.20168942,0.011260779
18.421864,0.39606773,0.0023847265,-0.20246879,0.011270694
18.442581,0.40120833,0.002423969,-0.2022293,0.011280929
18.463309,0.3997354,0.0024933018,-0.20228174,0.011291747
18.484051,0.40176727,0.0022899472,-0.20193147,0.011300865
18.504805,0.4037304,0.0024329304,-0.20119211,0.011311148
18.525573,0.40226874,0.0023465132,-0.20074245,0.011320705
18.546353,0.40133414,0.0021623702,-0.20047803,0.011328815
18.567146,0.39976985,0.0019463694,-0.20052364,0.011335381
18.587953,0.39909399,0.0020997126,-0.20070321,0.011343017
18.608773,0.40309061,0.0021799899,-0.20009066,0.011351244
18.629606,0.39815616,0.0024732693,-0.20045611,0.011361823
18.650453,0.39973323,0.0021797485,-0.20050898,0.011370034
18.671313,0.40101955,0.0023256878,-0.20030691,0.011379373
18.692188,0.40344838,0.0024357549,-0.19962344,0.011389609
18.713076,0.39874258,0.002523724,-0.19987266,0.011400588
18.733979,0.40259293,0.0021157199,-0.19935875,0.011408297
18.754895,0.40182763,0.0026781752,-0.19899652,0.011420639
18.775826,0.4041449,0.0021987439,-0.19817501,0.01142895
18.796772,0.39912136,0.0025603506,-0.19834915,0.011440211
18.817731,0.39808212,0.0022022368,-0.19872927,0.011448534
18.838706,0.40276515,0.0021822611,-0.19818122,0.011456701
18.859695,0.39934813,0.0021707714,-0.19831042,0.011464777
18.880699,0.4044004,0.0025246091,-0.19743827,0.011475691
18.901719,0.39818035,0.0022508441,-0.19779892,0.011484359
18.922753,0.40227237,0.0020340409,-0.19734854,0.011491433
18.943803,0.40063005,0.002416229,-0.19722366,0.011501407
18.964868,0.40029763,0.0023202617,-0.19716467,0.011510597
18.985949,0.3986253,0.002113232,-0.19743714,0.011518215
19.007045,0.40198172,0.0020659343,-0.19704436,0.011525491
19.028157,0.39987374,0.0023295238,-0.19706939,0.011534735
19.049285,0.40067924,0.0025676246,-0.19693476,0.011545955
19.07043,0.40105217,0.0023633954,-0.19672623,0.011555453
19.09159,0.40411818,0.0022987147,-0.19591001,0.011564432
19.112767,0.39878293,0.0022632586,-0.19615123,0.011573128
19.13396,0.40015404,0.0020864539,-0.1961207,0.011580514
19.15517,0.40002288,0.0022001218,-0.19611617,0.011588721
19.176396,0.39670126,0.0024424036,-0.19676997,0.011598827
19.19764,0.39670687,0.0022996532,-0.19742266,0.011607779
19.2189,0.39748929,0.0021034631,-0.19792028,0.011615263
19.240178,0.40116904,0.0018342441,-0.19768858,0.011620951
19.261473,0.39712131,0.0021533966,-0.19825913,0.011628786
19.282785,0.39669278,0.0021868865,-0.19891461,0.011636861
19.304115,0.39560343,0.0024466485,-0.19978601,0.01164696
19.325462,0.4023647,0.0022304677,-0.19931733,0.011655347
19.346828,0.39610086,0.0023216318,-0.20009013,0.011664426
19.368211,0.39523086,0.0022068312,-0.20103537,0.011672624
19.389613,0.3988998,0.0022022684,-0.20125342,0.011680782
19.411033,0.39763247,0.002124941,-0.20172266,0.011688372
19.432471,0.39933056,0.0025405683,-0.20185535,0.011699213
19.453928,0.39391727,0.0023067724,-0.20306093,0.011708143
19.475404,0.40826909,0.0021635263,-0.20142201,0.011715993
19.496898,0.4034399,0.0026731009,-0.20074023,0.011727966
19.518412,0.40118121,0.0024498543,-0.20050612,0.011738013
19.539945,0.3989398,0.0021374765,-0.20071625,0.011745656
19.561497,0.39960631,0.0022978432,-0.20079427,0.011754482
19.583068,0.39936576,0.0025285859,-0.20091998,0.011765161
19.60466,0.40371682,0.0021091304,-0.20018331,0.011772585
19.626271,0.40056308,0.0020093674,-0.20007171,0.011779319
19.647902,0.39821793,0.0021138741,-0.20042491,0.011786767
19.669553,0.39777566,0.0019435395,-0.20086578,0.01179306
19.691224,0.39821429,0.002514875,-0.2012197,0.011803589
19.712916,0.40144707,0.0020933684,-0.20093289,0.011810879
19.734628,0.40129944,0.0021814855,-0.20067535,0.01181879
19.756362,0.39397818,0.002093445,-0.20186886,0.011826071
19.778116,0.40015828,0.0022646338,-0.20183749,0.011834586
19.799891,0.40076753,0.0022805924,-0.20168537,0.011843215
19.821687,0.39924399,0.002304411,-0.20183521,0.011852018
19.843505,0.40190581,0.0021942535,-0.20145748,0.011859995
19.865345,0.4039404,0.002632405,-0.2006765,0.011871465
19.887206,0.4026854,0.0020487099,-0.20014425,0.011878407
19.909089,0.4000704,0.0021141814,-0.2001303,0.011885796
19.930994,0.39919455,0.0020564131,-0.20028994,0.011892782
19.952922,0.39888677,0.0022412873,-0.20051058,0.011901075
19.974872,0.39782944,0.002373335,-0.20094078,0.011910368
19.996845,0.39895667,0.0023693411,-0.20114757,0.011919622
20.01884,0.39865581,0.0025594667,-0.20141398,0.011930411
20.040858,0.39885611,0.0021470528,-0.2016407,0.011937998
20.0629,0.40344828,0.0024250665,-0.20095726,0.01194767
20.084965,0.39830212,0.0021543353,-0.20129377,0.011955298
20.107053,0.39976596,0.0025091237,-0.20134016,0.011965636
20.129166,0.40083354,0.0023298891,-0.20117495,0.011974543
20.151302,0.3973951,0.0023913119,-0.20169124,0.011983919
20.173462,0.40260247,0.0020171971,-0.20117544,0.011990587
20.195646,0.39973434,0.0020218902,-0.20122809,0.011997281
20.217855,0.39791434,0.0019632349,-0.20164146,0.01200359
20.240089,0.39890389,0.0021417871,-0.20185871,0.012011093
20.262347,0.40208318,0.0022524404,-0.20144583,0.012019387
20.284631,0.40031081,0.0022974945,-0.20138422,0.012028009
20.306939,0.39451763,0.0021760234,-0.20247082,0.012035739
20.329274,0.40018904,0.0025880983,-0.20243335,0.012046665
20.351633,0.39687071,0.0022628697,-0.20305357,0.012055011
20.374019,0.40065182,0.0025687747,-0.20292438,0.012065757
20.396431,0.39995242,0.0019806534,-0.20293381,0.012072142
20.418869,0.40165808,0.0023277829,-0.20260519,0.012080954
20.441333,0.39429424,0.0021567646,-0.20373606,0.012088515
20.463824,0.40301273,0.0021753516,-0.20313894,0.012096201
20.486342,0.40310833,0.0023926538,-0.20252287,0.012105493
20.508887,0.4016001,0.0021810372,-0.20220574,0.012113209
20.53146,0.40174854,0.0022155911,-0.20185918,0.012121166
20.55406,0.39625379,0.0022874711,-0.20260167,0.012129642
20.576687,0.40146136,0.0023098781,-0.20231203,0.012138278
20.599343,0.39953384,0.0021724497,-0.20240442,0.012145913
20.622027,0.39917278,0.0020085094,-0.20256838,0.012152435
20.644739,0.40039126,0.0022012257,-0.20249083,0.012160263
20.66748,0.39955899,0.0020882536,-0.20257824,0.012167305
20.690249,0.40260066,0.0025684758,-0.20206279,0.01217795
20.713048,0.4028351,0.0020248735,-0.20150088,0.012184561
20.735876,0.39849005,0.0023655481,-0.20180015,0.012193578
20.758734,0.4003353,0.001835566,-0.20173369,0.012199004
20.781621,0.40142742,0.0023156871,-0.20145078,0.012207635
20.804539,0.4019998,0.0023053702,-0.20105442,0.012216183
20.827487,0.3996304,0.0022956441,-0.20112768,0.012224653
20.850465,0.39878914,0.0024443075,-0.20136767,0.012234248
20.873474,0.40331646,0.0020903689,-0.20071035,0.012241262
20.896514,0.40160626,0.0023310391,-0.20039199,0.012249977
20.919585,0.39910742,0.0020039462,-0.2005689,0.012256414
20.942688,0.40089747,0.0022023847,-0.20039102,0.012264185
20.965823,0.40119818,0.0021435427,-0.20015354,0.012271541
20.988989,0.39693662,0.0020778995,-0.2007607,0.01227845
21.012188,0.40261157,0.0020264108,-0.20024309,0.012285017
21.03542,0.40079449,0.0020726287,-0.20008563,0.012291883
21.058684,0.40186712,0.0023622858,-0.19971557,0.012300797
21.081981,0.40355692,0.0024518556,-0.19901059,0.012310392
21.105312,0.39896318,0.0023986555,-0.19921609,0.012319568
21.128676,0.40222086,0.0020993326,-0.19877592,0.012326593
21.152074,0.40206051,0.0026019385,-0.19836753,0.012337376
21.175507,0.39934343,0.0023756086,-0.19849766,0.012346357
21.198974,0.39916101,0.0021793411,-0.19866394,0.01235391
21.222475,0.40167808,0.0021982985,-0.19833135,0.012361591
21.246012,0.39907,0.0023269877,-0.19851568,0.012370192
21.269584,0.40326359,0.0024335391,-0.19786884,0.012379591
21.293191,0.40130273,0.0020329104,-0.19761064,0.012386146
21.316834,0.39934722,0.0022527575,-0.19774002,0.012394191
21.340514,0.40091571,0.0021374613,-0.19755853,0.012401429
21.36423,0.40241035,0.0020343786,-0.1970808,0.012407982
21.387983,0.39864606,0.0023724106,-0.19734915,0.012416889
21.411773,0.40023576,0.0020271703,-0.19730242,0.012423387
21.4356,0.40265753,0.0024040021,-0.19677571,0.012432521
21.459465,0.39815495,0.0023376103,-0.19714139,0.012441151
21.483369,0.40041414,0.0020670364,-0.19705931,0.012447894
21.50731,0.40049273,0.0022320195,-0.19696165,0.012455753
21.53129,0.40276611,0.0020522052,-0.19641341,0.012462392
21.55531,0.39840838,0.0021265676,-0.19672887,0.012469517
21.579368,0.39941707,0.0020289655,-0.1968444,0.012476
21.603467,0.39901586,0.0023563308,-0.19703946,0.012484738
21.627605,0.40074237,0.002048231,-0.19689232,0.012491336
21.651784,0.40195439,0.0020763367,-0.19650496,0.012498113
21.676003,0.400375,0.0025296622,-0.19643064,0.012508166
21.700264,0.39811904,0.0023447754,-0.19680344,0.012516796
21.724566,0.39920798,0.0021647068,-0.19696042,0.012524147
21.748909,0.40108641,0.0025016865,-0.1967451,0.012533958
21.773295,0.40093854,0.002472776,-0.19655908,0.012543537
21.797724,0.39544742,0.0023597481,-0.19746139,0.012552253
21.822195,0.40016753,0.0024527329,-0.19742819,0.012561663
21.84671,0.40103641,0.0020185909,-0.19722277,0.012568032
21.871268,0.39495086,0.0024295706,-0.1982235,0.012577254
21.89587,0.40063449,0.0020446806,-0.19809775,0.012583781
21.920517,0.4020954,0.0021016391,-0.19768244,0.012590673
21.945208,0.40254136,0.0023344521,-0.19717875,0.012599172
21.969945,0.39885692,0.0026610039,-0.19740531,0.012610205
21.994727,0.40066409,0.0020831528,-0.19727368,0.012616963
22.019556,0.39821798,0.0022765935,-0.19762688,0.012625029
22.04443,0.4004651,0.0024009933,-0.19753469,0.012633994
22.069352,0.3998701,0.001984086,-0.19756044,0.012640112
22.094321,0.39823162,0.0022098234,-0.19791093,0.012647698
22.119337,0.39524606,0.0021843415,-0.19885315,0.012655106
22.144402,0.39979667,0.0021600434,-0.19889345,0.012662345
22.169515,0.40164343,0.0019671125,-0.19856773,0.012668346
22.194678,0.39795955,0.0021068414,-0.19897214,0.012675226
22.21989,0.39999111,0.0023834824,-0.1989739,0.012684026
22.245151,0.40212288,0.0023918291,-0.19855315,0.012692882
22.270463,0.40137338,0.0021717294,-0.19828095,0.012700178
22.295826,0.3950051,0.002244183,-0.19927093,0.012707964
22.321241,0.39881667,0.0019564683,-0.19950547,0.012713879
22.346707,0.39843914,0.0022567684,-0.19981482,0.012721745
22.372225,0.39561343,0.0019544814,-0.20068423,0.012727641
22.397796,0.39764975,0.0024231476,-0.20115005,0.012736699
22.423421,0.39747975,0.0019974415,-0.20164956,0.01274285
22.449099,0.39494066,0.0022788416,-0.20265231,0.012750852
22.474831,0.39905838,0.002212188,-0.20283894,0.012758388
22.500619,0.39626096,0.0023174455,-0.20358001,0.012766653
22.526461,0.4000503,0.0022587755,-0.20357004,0.0127745
22.55236,0.40258025,0.0021291492,-0.20305864,0.012781469
22.578315,0.40185051,0.0021736702,-0.20269187,0.012788727
22.604327,0.40231263,0.0022855088,-0.20223351,0.012796747
22.630396,0.4009154,0.0022729266,-0.20205208,0.012804674
22.656524,0.40020697,0.002373311,-0.20201106,0.012813311
22.68271,0.40017939,0.0023429018,-0.20197551,0.012821723
22.708956,0.39855571,0.0023125394,-0.20226176,0.012829912
22.735261,0.39559071,0.0022004848,-0.20313568,0.012837323
22.761627,0.39669414,0.0023173919,-0.20379089,0.012845537
22.788054,0.39671732,0.0025280386,-0.20444151,0.012855305
22.814542,0.39687152,0.0019651883,-0.20506157,0.012861204
22.841093,0.39936778,0.0023827199,-0.20518688,0.012869872
22.867706,0.39991,0.0026044059,-0.20520471,0.012880219
22.894383,0.39964288,0.0021972666,-0.2052755,0.01288758
22.921125,0.40323869,0.0023244847,-0.20463359,0.012895812
22.947931,0.39921692,0.0025010289,-0.2047888,0.012905335
22.974802,0.4005853,0.0025112903,-0.20467279,0.01291493
23.00174,0.40125798,0.0023014181,-0.20442346,0.012922982
23.028745,0.39964005,0.0022668758,-0.2044948,0.01293079
23.055817,0.39927929,0.0022173773,-0.20463765,0.012938257
23.082958,0.40307434,0.0020966252,-0.20402832,0.012944928
23.110168,0.40398232,0.0023037031,-0.20323903,0.012952978
23.137447,0.40149182,0.0021428899,-0.20294335,0.012959939
23.164797,0.39908313,0.0022584285,-0.20312508,0.012967667
23.192218,0.40384717,0.0023082658,-0.20236257,0.012975734
23.219711,0.40166419,0.0023270321,-0.20203273,0.012983928
23.247277,0.40303985,0.0019885867,-0.20143024,0.012989909
23.274917,0.39551864,0.0020988312,-0.20231844,0.012996568
23.302631,0.39968813,0.0024283031,-0.20238025,0.013005477
23.33042,0.39803641,0.0022541778,-0.20276943,0.013013148
23.358286,0.39738505,0.0021941944,-0.20328771,0.013020413
23.386228,0.39582601,0.0025000556,-0.20411498,0.013029838
23.414248,0.40097106,0.0022265676,-0.20392252,0.013037309
23.442347,0.39414717,0.0020786922,-0.20508254,0.013043817
23.470525,0.40368025,0.0023069962,-0.20435312,0.013051829
23.498784,0.39991258,0.002103215,-0.20437045,0.013058484
23.527124,0.40453111,0.0022135802,-0.20347239,0.013065852
23.555546,0.40382788,0.0024050085,-0.20271371,0.013074544
23.584052,0.40054813,0.0025436134,-0.20260508,0.01308426
23.612642,0.39876303,0.0019631833,-0.20285024,0.013090044
23.641317,0.40011874,0.002328042,-0.20282671,0.013098174
23.670079,0.40028778,0.0021466073,-0.20276967,0.013105082
23.698927,0.4030401,0.0024466967,-0.20216713,0.013114051
23.727865,0.40213955,0.0021145222,-0.20174307,0.013120746
23.756891,0.39592616,0.0021681003,-0.2025505,0.01312778
23.786008,0.40121086,0.0021948177,-0.20231051,0.013134986
23.815216,0.40436626,0.0020025541,-0.20144513,0.013140981
23.844518,0.39949162,0.0024191078,-0.20154589,0.013149725
23.873913,0.40171136,0.0023968439,-0.2012067,0.013158303
23.903403,0.39856343,0.0024867216,-0.20149142,0.01316753
23.932989,0.39897237,0.0023257615,-0.2016951,0.013175596
23.962672,0.40342374,0.0023567969,-0.20101652,0.013183874
23.992455,0.40164323,0.0023750175,-0.20069083,0.013192275
24.022337,0.40091237,0.0023021507,-0.20051,0.013200163
24.05232,0.39939197,0.002165207,-0.20063051,0.013207137
24.082406,0.40127182,0.0022923567,-0.20037844,0.01321495
24.112596,0.39982045,0.0023338763,-0.20041402,0.013223043
24.14289,0.39844414,0.002260378,-0.20072239,0.01323063
24.173292,0.40017455,0.0021966978,-0.2006878,0.013237792
24.203801,0.40124404,0.0020988981,-0.20044123,0.013244326
24.23442,0.39946914,0.002276434,-0.20054645,0.013252009
24.26515,0.39618141,0.0023820427,-0.20130328,0.013260416
24.295992,0.39924348,0.002541568,-0.20145322,0.013269981
24.326948,0.40005783,0.0022027709,-0.20144176,0.013277161
24.35802,0.39508525,0.0023231716,-0.20241586,0.013285143
24.389209,0.39996096,0.0020387883,-0.20242359,0.013291287
24.420517,0.40296172,0.0022181555,-0.20183659,0.013298555
24.451945,0.39898874,0.0023499754,-0.20203702,0.013306709
24.483496,0.39819328,0.0021660901,-0.20239511,0.013313633
24.51517,0.3997703,0.0022405363,-0.20244063,0.013321037
24.54697,0.40254828,0.0020548426,-0.20193557,0.013327261
24.578898,0.40002591,0.0023596811,-0.20193043,0.013335464
24.610956,0.39989768,0.0022115978,-0.20195071,0.013342667
24.643144,0.40110949,0.00235114,-0.20173081,0.013350801
24.675467,0.40007096,0.0020038237,-0.20171675,0.013356707
24.707924,0.40359152,0.0024177697,-0.20100491,0.013365301
24.740519,0.40307288,0.002511778,-0.20039588,0.013374569
24.773254,0.3989452,0.0021670746,-0.20060493,0.013381464
24.80613,0.40021212,0.0023696989,-0.20056289,0.013389704
24.839151,0.39969677,0.0020613444,-0.20062299,0.013395935
24.872317,0.40233141,0.0025808757,-0.20016091,0.013405698
24.905632,0.40079333,0.0023593126,-0.20000367,0.013413851
24.939099,0.40030808,0.002077226,-0.19994261,0.013420168
24.972718,0.39814015,0.0021535416,-0.20031123,0.013426954
25.006494,0.40018626,0.0023054685,-0.20027431,0.013434726
25.040428,0.4010596,0.0021125947,-0.2000643,0.01344125
25.074523,0.40117838,0.0021457723,-0.19983075,0.013447976
25.108783,0.39781975,0.0024232861,-0.20026287,0.01345655
25.143209,0.3989647,0.0020962613,-0.20046807,0.013462963
25.177804,0.39869121,0.0021616748,-0.20072747,0.013469778
25.212573,0.39844035,0.0021631961,-0.20103659,0.0134766
25.247516,0.40029838,0.0023559412,-0.20097745,0.013484687
25.282639,0.40016909,0.002219929,-0.20094393,0.013491863
25.317943,0.39715869,0.0020657572,-0.20150708,0.013498074
25.353433,0.39608879,0.0025837943,-0.20228227,0.013507785
25.389111,0.39993035,0.0026748939,-0.20229608,0.013518185
25.424982,0.39915,0.0022669037,-0.20246454,0.013525649
25.461048,0.40525136,0.0020352984,-0.20142373,0.013531663
25.497314,0.40471328,0.0022522346,-0.20048957,0.013539024
25.533783,0.40100273,0.0023508653,-0.20029083,0.013547039
25.570459,0.39943172,0.0024566121,-0.20040346,0.013555786
25.607347,0.40156601,0.0020047164,-0.20009308,0.013561608
25.644451,0.39897985,0.0026017852,-0.20029528,0.013571408
25.681774,0.40117657,0.0023672999,-0.20006208,0.013579517
25.719322,0.40165641,0.0022415182,-0.19973378,0.013586782
25.757098,0.40135495,0.0020929265,-0.19946524,0.013593113
25.795109,0.40178273,0.002142901,-0.1991119,0.013599746
25.833359,0.39897439,0.0021630628,-0.19931518,0.013606502
25.871852,0.40265697,0.0020448564,-0.19878857,0.013612537
25.910595,0.39911101,0.002233906,-0.19896476,0.013619735
25.949592,0.39760101,0.0018343571,-0.19944024,0.013624587
25.988851,0.3977948,0.0023007047,-0.19987731,0.013632215
26.028375,0.39973091,0.0023862869,-0.19993064,0.013640417
26.068172,0.40078061,0.0023591249,-0.19977593,0.013648429
26.108248,0.40104136,0.0022185985,-0.19956953,0.013655511
26.14861,0.40212631,0.0021077335,-0.1991481,0.013661899
26.189264,0.40149015,0.00196961,-0.19885275,0.013667475
26.230217,0.39761672,0.0024001115,-0.19932512,0.013675751
26.271477,0.3985649,0.0021915883,-0.19960955,0.013682647
26.313053,0.40092672,0.00217536,-0.19942588,0.013689439
26.354951,0.40070586,0.0024098327,-0.19928598,0.013697768
26.39718,0.39710434,0.0022366865,-0.19985989,0.01370494
26.439749,0.40043237,0.0024477376,-0.19977419,0.013713524
26.482667,0.4010749,0.0020328048,-0.19956115,0.013719441
26.525943,0.40223672,0.0025682895,-0.19911784,0.013728881
26.569589,0.39991192,0.002293677,-0.1991353,0.013736406
26.613613,0.4011948,0.0022971719,-0.19889849,0.013743949
26.658027,0.40145056,0.0021924495,-0.19861099,0.013750817
26.702843,0.40081217,0.002304481,-0.19845002,0.0137584
26.748073,0.40247106,0.0025038359,-0.19796026,0.013767347
26.793728,0.39918672,0.0020260925,-0.19812145,0.013773202
26.839823,0.39787712,0.0024355499,-0.1985422,0.013781659
26.886371,0.39881157,0.0024723905,-0.19877775,0.013790368
26.933387,0.40268187,0.0022708548,-0.19824621,0.01379771
26.980886,0.40312944,0.0024116777,-0.19762596,0.013805987
27.028886,0.40045646,0.0021402873,-0.19753549,0.013812503
27.077402,0.40297465,0.0024533303,-0.19694592,0.013821059
27.126454,0.3980897,0.0024905383,-0.19732453,0.013829871
27.176061,0.40180187,0.0019606805,-0.19696741,0.013835329
27.226243,0.40105359,0.0023073869,-0.19675859,0.013842886
27.277022,0.3982301,0.0020485157,-0.19710938,0.013848839
27.328421,0.39962677,0.0023090793,-0.19718335,0.013856398
27.380466,0.39849283,0.0023658431,-0.19748207,0.01386433
27.433182,0.40076702,0.0023306766,-0.19733005,0.013872023
27.486597,0.39822131,0.0019201823,-0.19768258,0.013877243
27.540743,0.39717818,0.0022940565,-0.19824186,0.01388469
27.595651,0.39556975,0.0023540173,-0.19911993,0.013892526
27.651356,0.39979828,0.0022312426,-0.19915991,0.013899563
27.707896,0.39674646,0.0023226125,-0.19980475,0.013907184
27.765312,0.39768404,0.0021700567,-0.20026377,0.013913833
27.823647,0.40232687,0.0022252554,-0.19980259,0.013920821
27.88295,0.39707768,0.0021151201,-0.20038179,0.013927132
27.943271,0.40128616,0.0025668355,-0.20012688,0.013936421
28.004669,0.40039652,0.0022951114,-0.20004829,0.013943843
28.067205,0.39606556,0.0021783248,-0.20082809,0.013950525
28.130948,0.39958616,0.0023838702,-0.20091011,0.013958524
28.195973,0.403125,0.0023706948,-0.20029074,0.01396643
28.262364,0.39789586,0.0023481842,-0.20070778,0.013974182
28.330213,0.40131212,0.0025273479,-0.20044772,0.013983157
28.399626,0.4042598,0.0024755898,-0.19960343,0.013991763
28.470718,0.40162247,0.0023790959,-0.19928186,0.013999706
28.543623,0.40061379,0.0023156157,-0.19916021,0.014007227
28.61849,0.39939439,0.0020493383,-0.19928024,0.014013115
28.695492,0.40012455,0.0022364746,-0.19925556,0.014020124
28.774828,0.39673747,0.0025552556,-0.19990218,0.014029268
28.85673,0.39701278,0.0023116915,-0.20049424,0.014036747
28.94147,0.40264657,0.0023595652,-0.1999697,0.014044536
29.029374,0.39749288,0.0025110348,-0.20046661,0.014053351
29.120832,0.39891646,0.0023093499,-0.20068136,0.014060803
29.216325,0.39837242,0.0024201681,-0.20100394,0.014068982
29.316449,0.39978177,0.0024517296,-0.2010472,0.014077371
29.421968,0.39686576,0.0021508803,-0.2016684,0.014083824
29.533877,0.39632747,0.002064146,-0.20239629,0.014089765
29.653525,0.40109308,0.002394689,-0.20217964,0.014097757
29.782815,0.40202369,0.0023550558,-0.20177855,0.014105482
29.924597,0.4024349,0.0022483608,-0.20129596,0.014112519
30.083497,0.39768672,0.0022723035,-0.20175444,0.014119704
30.268082,0.39930273,0.0025129809,-0.20189264,0.014128485
30.498637,0.40598439,0.0024014535,-0.20070655,0.0141365
30.943757,0.40255475,0.0025194074,-0.2002002,0.014145317
