-25.698418,0,0
-25.598418,0,0
-25.498418,0,0
-25.398418,0,0
-25.298418,0,0
-25.198418,0,0
-25.098418,0,0
-24.998418,0,0
-24.898418,0,0
-24.798418,0,0
-24.698418,0,0
-24.598418,0,0
-24.498418,0,0
-24.398418,0,0
-24.298418,0,0
-24.198418,0,0
-24.098418,0,0
-23.998418,0,0
-23.898418,0,0
-23.798418,0,0
-23.698418,0,0
-23.598418,0,0
-23.498418,0,0
-23.398418,0,0
-23.298418,0,0
-23.198418,0,0
-23.098418,0,0
-22.998418,0,0
-22.898418,0,0
-22.798418,0,0
-22.698418,0,0
-22.598418,0,0
-22.498418,0,0
-22.398418,1.5315264e-05,1.5315264e-05
-22.298418,5.1050881e-06,5.1050881e-06
-22.198418,5.6155969e-05,3.1159995e-05
-22.098418,2.0420352e-05,1.4284933e-05
-21.998418,3.0630528e-05,1.5690826e-05
-21.898418,6.6366145e-05,2.3910224e-05
-21.798418,0.00010210176,3.9177557e-05
-21.698418,0.00012252211,3.7911573e-05
-21.598418,0.00033693581,6.5105046e-05
-21.498418,0.00061771566,9.706525e-05
-21.398418,0.00090870568,0.00010342915
-21.298418,0.0012252211,0.00013354029
-21.198418,0.0021747675,0.00017984888
-21.098418,0.0030477376,0.00023001843
-20.998418,0.0043393249,0.00023117867
-20.898418,0.0055390205,0.00029867109
-20.798418,0.0083263986,0.00034642884
-20.698418,0.011466028,0.00043873435
-20.598418,0.016275021,0.0005475387
-20.498418,0.01971585,0.00047255651
-20.398418,0.026577088,0.00068726487
-20.298418,0.034714599,0.00062573595
-20.198418,0.045368918,0.00089629048
-20.098418,0.058502411,0.00097933371
-19.998418,0.070879043,0.0010461808
-19.898418,0.090278377,0.001302588
-19.798418,0.10649214,0.0011908015
-19.698418,0.12906173,0.0014561341
-19.598418,0.15309649,0.001308773
-19.498418,0.17553845,0.0015980508
-19.398418,0.19906067,0.0019515403
-19.298418,0.23142385,0.0016556301
-19.198418,0.25590785,0.0020929637
-19.098418,0.28275708,0.0026222548
-18.998418,0.30746924,0.0022142568
-18.898418,0.32960805,0.002594297
-18.798418,0.35243486,0.0026519992
-18.698418,0.36896003,0.0025431559
-18.598418,0.39098338,0.0027458875
-18.498418,0.40931575,0.0028269825
-18.398418,0.4226903,0.0023231268
-18.298418,0.42616228,0.0026137234
-18.198418,0.43874776,0.003050315
-18.098418,0.45074622,0.0028409418
-17.998418,0.44715584,0.0024095045
-17.898418,0.45771395,0.002101135
-17.798418,0.4506184,0.0026993284
-17.698418,0.45746288,0.0031772532
-17.598418,0.45018106,0.0027737446
-17.498418,0.45654835,0.0029780037
-17.398418,0.45707987,0.0027176078
-17.298418,0.45300509,0.0027692979
-17.198418,0.45666034,0.002742987
-17.098418,0.45456215,0.0029624308
-16.998418,0.45587415,0.0024155512
-16.898418,0.46089409,0.0026845324
-16.798418,0.45579221,0.0029898592
-16.698418,0.45751629,0.0029399506
-16.598418,0.46127854,0.0032914957
-16.498418,0.46524867,0.003163781
-16.398418,0.46205007,0.0024191054
-16.298418,0.46385203,0.0027018459
-16.198418,0.46107624,0.0032498205
-16.098418,0.46305793,0.002824017
-15.998418,0.45970297,0.0024111438
-15.898418,0.45630809,0.00313864
-15.798418,0.44901802,0.0027221219
-15.698418,0.44838119,0.0022669217
-15.598418,0.449073,0.0027260188
-15.498418,0.44328108,0.0030827055
-15.398418,0.43391331,0.0031644724
-15.298418,0.43488498,0.0027141015
-15.198418,0.42942469,0.0030039404
-15.098418,0.42392507,0.0023391421
-14.998418,0.41962803,0.0027382488
-14.898418,0.42040937,0.0031141672
-14.798418,0.41516618,0.002956207
-14.698418,0.40806311,0.0023175742
-14.598418,0.4040473,0.0027127277
-14.498418,0.40391404,0.0027428743
-14.398418,0.40076682,0.0027289521
-14.298418,0.3974976,0.0020518956
-14.198418,0.39341851,0.0026161936
-14.098418,0.39035545,0.0022685078
-13.998418,0.38836827,0.0026378169
-13.898418,0.39090052,0.0020171486
-13.798418,0.39012906,0.0026558317
-13.698418,0.39217797,0.0020445958
-13.598418,0.38959866,0.0028696039
-13.498418,0.39521661,0.0025797081
-13.398418,0.39040245,0.0022662699
-13.298418,0.39343893,0.0026422997
-13.198418,0.39762399,0.002669924
-13.098418,0.39458247,0.002634185
-12.998418,0.39293941,0.0023429436
-12.898418,0.39187428,0.0027216889
-12.798418,0.39484453,0.0027855933
-12.698418,0.3918053,0.0026122823
-12.598418,0.39002919,0.0026899172
-12.498418,0.39551159,0.002849371
-12.398418,0.39578216,0.0022804556
-12.298418,0.39168278,0.0027511452
-12.198418,0.39367847,0.0023219351
-12.098418,0.39342734,0.0025770772
-11.998418,0.38745354,0.0028734256
-11.898418,0.38731793,0.002790643
-11.798418,0.38404046,0.0027590999
-11.698418,0.38886136,0.0024810088
-11.598418,0.38261634,0.0026085519
-11.498418,0.37909422,0.0020011206
-11.398418,0.37420924,0.0023334976
-11.298418,0.37265788,0.0022143062
-11.198418,0.36797174,0.0021479005
-11.098418,0.36969143,0.0023049933
-10.998418,0.36710145,0.0027549962
-10.898418,0.36647896,0.0022567904
-10.798418,0.35659557,0.0026883299
-10.698418,0.35674434,0.0029661271
-10.598418,0.35576848,0.0028522469
-10.498418,0.35092886,0.0028020602
-10.398418,0.3489564,0.002839045
-10.298418,0.34586461,0.0023750514
-10.198418,0.34752075,0.0021565418
-10.098418,0.34903971,0.0024925179
-9.9984177,0.34823069,0.0020497792
-9.8984177,0.35181204,0.0027040927
-9.7984177,0.35101152,0.0025981508
-9.6984177,0.35221835,0.002524309
-9.5984177,0.35182271,0.002430491
-9.4984177,0.35346419,0.002712222
-9.3984177,0.35479852,0.0023126202
-9.2984177,0.36367626,0.0024780887
-9.1984177,0.36323736,0.0028132493
-9.0984177,0.36413062,0.0026173073
-8.9984177,0.36112372,0.0024586289
-8.8984177,0.36642791,0.0028033731
-8.7984177,0.37522908,0.0021564808
-8.6984177,0.37477433,0.0026177992
-8.5984177,0.376101,0.0023597993
-8.4984177,0.38039595,0.0026421978
-8.3984177,0.38611313,0.0028620207
-8.2984177,0.38229092,0.0022802331
-8.1984177,0.3864909,0.0021746037
-8.0984177,0.38641851,0.002868102
-7.9984177,0.39486999,0.0031537352
-7.8984177,0.39122332,0.0026902574
-7.7984177,0.39731258,0.0025028574
-7.6984177,0.3935714,0.0028052286
-7.5984177,0.39085883,0.0028252578
-7.4984177,0.39632841,0.0025061351
-7.3984177,0.3920959,0.0025653811
-7.2984177,0.39373587,0.0027191227
-7.1984177,0.39074429,0.0028666816
-7.0984177,0.39302875,0.0026556925
-6.9984177,0.38999712,0.0028643172
-6.8984177,0.38052404,0.0021179251
-6.7984177,0.38885115,0.0028849485
-6.6984177,0.37800323,0.0025631731
-6.5984177,0.3807516,0.0024177903
-6.4984177,0.37850209,0.0028019576
-6.3984177,0.37373708,0.0021196584
-6.2984177,0.37529034,0.0023365706
-6.1984177,0.36607939,0.0027465668
-6.0984177,0.36117091,0.0025006507
-5.9984177,0.36463091,0.0019075251
-5.8984177,0.36327558,0.0025527118
-5.7984177,0.35972525,0.0025845697
-5.6984177,0.35505462,0.002087704
-5.5984177,0.35204177,0.0020102337
-5.4984177,0.35122567,0.0024746834
-5.3984177,0.35260588,0.0027412032
-5.2984177,0.34598851,0.002531359
-5.1984177,0.34744307,0.0022582663
-5.0984177,0.35421307,0.0021859817
-4.9984177,0.34832389,0.0025204189
-4.8984177,0.3524342,0.0026328757
-4.7984177,0.34813886,0.0020751743
-4.6984177,0.35044617,0.0021342529
-4.5984177,0.35316358,0.0021321832
-4.4984177,0.35633541,0.00250684
-4.3984177,0.35689572,0.0023686334
-4.2984177,0.35914295,0.0026598273
-4.1984177,0.36239822,0.0024027149
-4.0984177,0.36655514,0.0027177948
-3.9984177,0.3763573,0.002150819
-3.8984177,0.37272484,0.0028219601
-3.7984177,0.36736724,0.0021908027
-3.6984177,0.37593083,0.0024569905
-3.5984177,0.37892366,0.0025664221
-3.4984177,0.37934888,0.0020834615
-3.3984177,0.38637348,0.0025612638
-3.2984177,0.38958969,0.0027176095
-3.1984177,0.38748652,0.002547421
-3.0984177,0.39046266,0.0021903076
-2.9984177,0.3966586,0.002504728
-2.8984177,0.40254261,0.002383348
-2.7984177,0.40377771,0.0028670955
-2.6984177,0.40227073,0.0024161241
-2.5984177,0.39935082,0.0027190792
-2.4984177,0.40571503,0.0026688999
-2.3984177,0.40799353,0.0026658233
-2.2984177,0.4064518,0.0025332043
-2.1984177,0.41083183,0.0025750796
-2.0984177,0.41071618,0.0026126601
-1.9984177,0.40655521,0.0024703117
-1.8984177,0.41257803,0.0027979184
-1.7984177,0.40473138,0.0020470343
-1.6984177,0.412035,0.0024125295
-1.5984177,0.40927491,0.0028722212
-1.4984177,0.40881035,0.0026195199
-1.3984177,0.40499004,0.0025140216
-1.2984177,0.4088614,0.0029369803
-1.1984177,0.41189297,0.0029910536
-1.0984177,0.40916358,0.0023171966
-0.99841766,0.41016948,0.0024147836
-0.89841766,0.40814747,0.0027467506
-0.79841766,0.40690347,0.0022646007
-0.69841766,0.40877605,0.0034056758
-0.59841766,0.40217956,0.0027898649
-0.49841766,0.41044908,0.0020921327
-0.39841766,0.40776459,0.0028639834
-0.29841766,0.40677198,0.0026196751
-0.19841766,0.40604339,0.0026910244
-0.098417658,0.4077746,0.0027686025
0.0015823419,0.40550245,0.0026824191
0.10158234,0.40514352,0.0030355315
0.20158234,0.40463438,0.002286316
0.30158234,0.40763022,0.0024627389
0.40158234,0.40340524,0.0024402972
0.50158234,0.4085437,0.0025203597
0.60158234,0.41295299,0.0029319226
0.70158234,0.40642627,0.0018649148
0.80158234,0.41058155,0.0027084417
0.90158234,0.41081102,0.0031530435
1.0015823,0.41598345,0.0028539384
1.1015823,0.4095371,0.0026625582
1.2015823,0.40850954,0.0026518287
1.3015823,0.40449962,0.0025994779
1.4015823,0.40783017,0.0024793185
1.5015823,0.4081228,0.0034518229
1.6015823,0.40623293,0.0025122783
1.7015823,0.41446397,0.0026639716
1.8015823,0.41229333,0.002619444
1.9015823,0.41101057,0.0024510234
2.0015823,0.41044672,0.002391724
2.1015823,0.40533594,0.0023753835
2.2015823,0.40378897,0.0027792449
2.3015823,0.40918132,0.0030917364
2.4015823,0.40494056,0.0024414427
2.5015823,0.40605425,0.0025606726
2.6015823,0.40084235,0.002527705
2.7015823,0.40156263,0.0022905337
2.8015823,0.40083142,0.0025015321
2.9015823,0.39809837,0.0028204458
3.0015823,0.39386546,0.0020566258
3.1015823,0.39397738,0.002352166
3.2015823,0.38917827,0.0024992551
3.3015823,0.38803264,0.0029441762
3.4015823,0.38270934,0.0024709828
3.5015823,0.38289692,0.0023474118
3.6015823,0.38862483,0.0031655378
3.7015823,0.37874923,0.0023929387
3.8015823,0.37145007,0.0022695665
3.9015823,0.37258412,0.0022943472
4.0015823,0.36801952,0.0021656164
4.1015823,0.36590208,0.0026770367
4.2015823,0.36344653,0.0028067811
4.3015823,0.36206306,0.002064031
4.4015823,0.36005165,0.0023157612
4.5015823,0.35375498,0.0026253043
4.6015823,0.35304747,0.0026133791
4.7015823,0.35061234,0.0023307729
4.8015823,0.351366,0.0022150359
4.9015823,0.34917781,0.0022009638
5.0015823,0.35570218,0.0021911088
5.1015823,0.35118025,0.0020674162
5.2015823,0.34642048,0.0029787334
5.3015823,0.34907794,0.0028412651
5.4015823,0.347583,0.0023041462
5.5015823,0.35089417,0.0023836423
5.6015823,0.35528657,0.0024485335
5.7015823,0.36040645,0.0023070516
5.8015823,0.35861018,0.002821878
5.9015823,0.35780947,0.002136321
6.0015823,0.36172101,0.002571526
6.1015823,0.36893981,0.0027966533
6.2015823,0.36745285,0.0028243471
6.3015823,0.36977305,0.0023605554
6.4015823,0.37613268,0.0030503656
6.5015823,0.37753658,0.0024211701
6.6015823,0.38198442,0.0024712839
6.7015823,0.38079218,0.0030916388
6.8015823,0.38695337,0.002932856
6.9015823,0.3851859,0.0024720945
7.0015823,0.39427237,0.0024702287
7.1015823,0.39021735,0.0029314671
7.2015823,0.39494493,0.0030333448
7.3015823,0.39585645,0.0032457802
7.4015823,0.39549117,0.002212639
7.5015823,0.39528271,0.0023331973
7.6015823,0.39595718,0.0019983817
7.7015823,0.39578079,0.0028088442
7.8015823,0.38847253,0.0031398295
7.9015823,0.39282664,0.00246922
8.0015823,0.39256596,0.0026352153
8.1015823,0.38929091,0.002666505
8.2015823,0.38827258,0.0030172733
8.3015823,0.38363552,0.002313121
8.4015823,0.37875159,0.0022961063
8.5015823,0.37817445,0.00203887
8.6015823,0.37581099,0.0018910766
8.7015823,0.37522581,0.0021816184
8.8015823,0.3748138,0.0023865723
8.9015823,0.37170297,0.0024289823
9.0015823,0.36197116,0.0022739727
9.1015823,0.36606315,0.0022368651
9.2015823,0.35710556,0.00220532
9.3015823,0.35689671,0.0025231058
9.4015823,0.35738568,0.0022652519
9.5015823,0.35712513,0.0023685255
9.6015823,0.35117096,0.0022557974
9.7015823,0.35278142,0.0019714487
9.8015823,0.34816701,0.0022160812
9.9015823,0.35161785,0.0027012241
10.001582,0.35180955,0.0016292502
10.101582,0.35112285,0.0021802755
10.201582,0.34812381,0.0023067631
10.301582,0.34910124,0.0024448582
10.401582,0.35015622,0.0021975729
10.501582,0.34891745,0.0021827401
10.601582,0.35422256,0.0025073019
10.701582,0.35842313,0.0019740754
10.801582,0.3612827,0.0025028291
10.901582,0.36426145,0.0023357859
11.001582,0.36307386,0.0023430472
11.101582,0.3688413,0.0020621039
11.201582,0.36750135,0.0021944193
11.301582,0.37305333,0.002314826
11.401582,0.378281,0.0025414758
11.501582,0.38136245,0.0024927053
11.601582,0.37621436,0.002742503
11.701582,0.38381584,0.002680139
11.801582,0.38549129,0.0027505835
11.901582,0.38743816,0.0021160616
12.001582,0.38682784,0.002459817
12.101582,0.39000831,0.002782458
12.201582,0.39577195,0.0027522711
12.301582,0.39287737,0.003182398
12.401582,0.39848367,0.002654962
12.501582,0.39606445,0.0021387431
12.601582,0.3927089,0.0025268562
12.701582,0.3981305,0.0022704633
12.801582,0.3947203,0.0027899268
12.901582,0.39517086,0.0026959485
13.001582,0.39247158,0.0023359128
13.101582,0.39330809,0.0024683928
13.201582,0.39424913,0.0020825669
13.301582,0.38972753,0.0023029515
13.401582,0.39452847,0.0027045488
13.501582,0.39233937,0.0025795858
13.601582,0.39065004,0.0029825461
13.701582,0.38979121,0.0023655656
13.801582,0.39450183,0.002497025
13.901582,0.39152943,0.0028946502
14.001582,0.39128033,0.0028098921
14.101582,0.38932128,0.0028318569
14.201582,0.39815092,0.0023723911
14.301582,0.40173541,0.0027530568
14.401582,0.39843681,0.0022052108
14.501582,0.40312053,0.0021752039
14.601582,0.40595019,0.0020494654
14.701582,0.40858932,0.0025213735
14.801582,0.41478638,0.0025877295
14.901582,0.41885814,0.0027732661
15.001582,0.41620984,0.0024236469
15.101582,0.42927664,0.002470297
15.201582,0.4260247,0.0023759253
15.301582,0.4367806,0.0030326546
15.401582,0.44018203,0.0027552706
15.501582,0.44329607,0.0026983959
15.601582,0.44305528,0.0028632038
15.701582,0.45490484,0.0022577258
15.801582,0.45218828,0.0026736678
15.901582,0.45347476,0.0027420068
16.001582,0.46106603,0.002257769
16.101582,0.46709514,0.0028444848
16.201582,0.4611536,0.0030415949
16.301582,0.4610426,0.0027557548
16.401582,0.46141317,0.0027097125
16.501582,0.4593051,0.0025881852
16.601582,0.45996333,0.0029896098
16.701582,0.45589457,0.0027889946
16.801582,0.46077563,0.0029118507
16.901582,0.45112047,0.0024724815
17.001582,0.45706024,0.0027516795
17.101582,0.45385332,0.0029018595
17.201582,0.44909519,0.0032668653
17.301582,0.44709537,0.0025056208
17.401582,0.44963063,0.0022724729
17.501582,0.45620598,0.0026770843
17.601582,0.44926267,0.0027640229
17.701582,0.45086351,0.0025119629
17.801582,0.45144294,0.0027341341
17.901582,0.44794039,0.0030872485
18.001582,0.44881231,0.0024026937
18.101582,0.44637241,0.0031110584
18.201582,0.44311909,0.0025665425
18.301582,0.43173095,0.0028021007
18.401582,0.42212599,0.0029319536
18.501582,0.40671726,0.0026899535
18.601582,0.39017003,0.0028511344
18.701582,0.37010691,0.0022955155
18.801582,0.35240992,0.0026163245
18.901582,0.3334133,0.0023993544
19.001582,0.30402711,0.0020476632
19.101582,0.27916572,0.0017456784
19.201582,0.25026673,0.0022245424
19.301582,0.2293614,0.0022330552
19.401582,0.19952726,0.0019491954
19.501582,0.17271023,0.0013570848
19.601582,0.15038568,0.0015857696
19.701582,0.12808666,0.0013759063
19.801582,0.10577742,0.0012680365
19.901582,0.088552858,0.0011623611
20.001582,0.070904568,0.0011599512
20.101582,0.058238845,0.00079672231
20.201582,0.046701346,0.00073309627
20.301582,0.034643128,0.00075144812
20.401582,0.02639841,0.0005026754
20.501582,0.020757288,0.00053892142
20.601582,0.015192742,0.00041517228
20.701582,0.011394557,0.00042071282
20.801582,0.0080813544,0.00035199281
20.901582,0.0058044851,0.00029763704
21.001582,0.0038390262,0.00019500259
21.101582,0.0029099002,0.00019187804
21.201582,0.0020216149,0.00019241481
21.301582,0.001215011,0.00016182816
21.401582,0.00091381076,0.00010337284
21.501582,0.00055134951,9.5548085e-05
21.601582,0.00028077984,5.8363935e-05
21.701582,0.00016336282,5.0723977e-05
21.801582,6.6366145e-05,2.1569262e-05
21.901582,6.6366145e-05,2.2769847e-05
22.001582,7.1471233e-05,3.2595081e-05
22.101582,1.5315264e-05,1.1317755e-05
22.201582,1.0210176e-05,7.1424667e-06
22.301582,5.1050881e-06,5.1050881e-06
22.401582,0,0
22.501582,5.1050881e-06,5.1050881e-06
22.601582,0,0
22.701582,0,0
22.801582,0,0
22.901582,0,0
23.001582,0,0
23.101582,0,0
23.201582,0,0
23.301582,0,0
23.401582,0,0
23.501582,0,0
23.601582,0,0
23.701582,0,0
23.801582,0,0
23.901582,0,0
24.001582,0,0
24.101582,0,0
24.201582,0,0
24.301582,0,0
24.401582,0,0
24.501582,0,0
24.601582,0,0
24.701582,0,0
24.801582,0,0
24.901582,0,0
25.001582,0,0
25.101582,0,0
25.201582,0,0
25.301582,0,0
25.401582,0,0
25.501582,0,0
25.601582,0,0
25.701582,0,0
